{
    "petShop":
    [
        {"productos":
            {
                "id":1,
                "descripcion":"SHAMPOO",
                "linea":1,
                "costo":2.50,
                "iva":true
            }
        },
        {"lineas":
            {
                "id":1,
                "descripcion":"BANIO"
            }
        },
        {"clientes":
            {
                "id":1,
                "cedula":"09312545",
                "nombres":"Nombres",
                "apellidos":"apellidos",
                "correo":"asd@core.com",
                "telefono":"0931425485"
            }
        },
        {"transacciones":
            {
                "id":"id transaccion",
                "factura":"000120002",
                "cliente":1,
                "proveedor":0,
                "item":1,
                "cantidad":2,
                "ingreso":true
            }
        },
        {"proveedores":
        	{
        		"id":1,
        		"ruc":"09314899001",
        		"razonsocial":"Mergone SA",
        		"direccion":"clda nal",
        		"telefono":"22269222",
        		"telefono2":"129948484",
        		"correo":"corre@hme.com"
        	}
        }
    ]
}
